fault_type,avg_temp,temp_std,avg_deviation,max_deviation,avg_zscore,max_zscore,avg_reporting_interval,avg_latency_ms,measurements
none,12.988139054159502,0.6039965391225612,0.613695257859003,9.84,0.9534677078206953,1.788825719743997,2.000127619544932,6079.973088577551,150
stuck,,,0.9499809615362261,9.95,,,2.0001167915011413,6079.973187994884,150
drift,13.701335498607579,0.8671241642722741,1.8656666508265904,12.66,0.952418423455943,1.7888543820004312,2.000119940546535,6079.973169053406,150
spike,31.315006582912204,14.836736253058927,27.675638094366168,233.41000000000003,0.9592147010389216,1.7888543820002252,2.0001203181759624,6079.973349294217,150
dropout,,,0.6567809435889833,7.859999999999999,,,2.00012368003794,6079.9734778676475,150
