fault_type,avg_temp,temp_std,avg_deviation,max_deviation,avg_zscore,max_zscore,avg_reporting_interval,avg_latency_ms,measurements
none,12.972641560899472,0.9882936859751688,0.6447618852887835,12.729999999999997,0.9504255349211703,1.7888543819999219,2.0001248001252243,6079.979757707366,150
stuck,,,0.8932952242896673,6.23,,,2.000119562917108,6079.979748653106,150
drift,13.437058007141921,1.1433790261491295,2.027304761178153,12.549999999999997,0.9518156327948021,1.7888543819998188,2.000091411923402,6079.979738324568,150
spike,31.43482703485641,15.377515554992812,29.905371430751252,233.13,0.9477841378010703,1.7888543820013618,2.0001137096609845,6079.979732819174,150
dropout,,,0.55520951944987,3.1400000000000006,,,2.0001182332134886,6079.979723117969,150
